                  epoch,         train/box_loss,         train/cls_loss,         train/dfl_loss,   metrics/precision(B),      metrics/recall(B),       metrics/mAP50(B),    metrics/mAP50-95(B),           val/box_loss,           val/cls_loss,           val/dfl_loss,                 lr/pg0,                 lr/pg1,                 lr/pg2
                      0,                 1.5668,                 2.2157,                 1.4937,                0.79158,                0.26895,                0.27102,                0.14472,                 1.6932,                 2.0358,                 1.6734,             0.00055379,             0.00055379,             0.00055379
                      1,                 1.4708,                 1.5516,                 1.4074,                0.75271,                0.25125,                0.23792,                0.13321,                 1.5911,                  2.118,                 1.6041,             0.00088978,             0.00088978,             0.00088978
                      2,                 1.3976,                 1.3073,                 1.3468,                0.86773,                0.32715,                0.37097,                 0.2362,                 1.3706,                 1.2909,                 1.3977,              0.0010057,              0.0010057,              0.0010057
                      3,                 1.2721,                 1.0989,                 1.2667,                 0.8771,                0.38144,                0.39441,                0.25051,                 1.2719,                 1.1291,                 1.3081,              0.0006768,              0.0006768,              0.0006768
                      4,                 1.2026,                 1.0079,                 1.2345,                0.91532,                0.41165,                0.44654,                 0.3046,                 1.1635,                0.89185,                 1.2467,              0.0006768,              0.0006768,              0.0006768
